transformed_feature_order,transformed_feature
1,ema_3_distance
2,ema_5_distance
3,ema_8_distance
4,ema_10_distance
5,ema_12_distance
6,ema_15_distance
7,ema_30_distance
8,ema_35_distance
9,ema_40_distance
10,ema_45_distance
11,ema_50_distance
12,ema_60_distance
13,ema_200_distance
14,rsi_14_centered
15,macd_relative
16,log_power_of_buy
17,log_volume_ratio_30
18,ho_buy_fraction
19,ho_sell_fraction
20,x_relative_strength_zscore
21,y_return_zscore
22,log_positive_rs_run_length
23,body_ratio
24,market_return_1
25,market_return_5
26,market_return_20
27,market_volatility_20
28,market_ema_20_distance
29,market_ema_60_distance
30,market_range_fraction
31,market_close_location
32,market_drawdown_60
33,distance_above_confirmed_low_fraction
34,distance_below_confirmed_high_fraction
35,started_run_length
36,market_breadth_raw
37,market_breadth_ema30
38,market_breadth_slope5
39,gmma_state_bearish
40,gmma_state_bullish
41,gmma_state_mixed
42,market_breadth_regime_broad_advance
43,market_breadth_regime_broad_decline
44,market_breadth_regime_deterioration
45,market_breadth_regime_recovery_negative
46,market_breadth_regime_recovery_positive
47,market_breadth_regime_warmup_unavailable
